Rk,Gcar,Gtm,Date,Tm,,Opp,Rslt,Inngs,PA,AB,R,H,2B,3B,HR,RBI,BB,IBB,SO,HBP,SH,SF,ROE,GDP,SB,CS,BA,OBP,SLG,OPS,BOP,aLI,WPA,acLI,cWPA,RE24,DFS(DK),DFS(FD),Pos
1,690,1,Apr 8,LAD,@,COL,W5-3,CG,5,5,0,1,0,0,0,1,0,0,2,0,0,0,0,0,0,0,.200,.200,.200,.400,3,1.18,0.008,1.17,0.01%,-0.42,5.00,6.50,SS
2,691,2,Apr 9,LAD,@,COL,L2-3,CG,4,4,0,1,0,0,0,0,0,0,1,0,0,0,0,0,0,0,.222,.222,.222,.444,3,1.42,-0.007,1.48,0.00%,-0.16,3.00,3.00,SS
3,692,3,Apr 10,LAD,@,COL,L4-9,CG,4,4,0,1,0,0,0,0,0,0,0,0,0,0,0,0,0,0,.231,.231,.231,.462,3,.94,-0.079,.93,-0.05%,-0.81,3.00,3.00,SS
4,693,4,Apr 12,LAD,@,MIN,W7-2,CG,5,5,1,1,0,0,0,1,0,0,1,0,0,0,0,0,0,0,.222,.222,.222,.444,3,1.23,0.073,1.11,0.04%,-0.50,7.00,9.70,SS
5,694,5,Apr 13,LAD,@,MIN,W7-0,CG,5,3,1,1,0,0,0,1,1,0,0,0,0,1,0,0,1,0,.238,.261,.238,.499,3,.82,0.082,.74,0.04%,0.63,14.00,18.70,SS
6,695,6,Apr 14,LAD,,CIN,W9-3,CG,5,5,2,2,0,0,0,1,0,0,1,0,0,0,0,0,0,0,.269,.286,.269,.555,3,.89,0.206,.87,0.12%,1.01,12.00,15.90,SS
7,696,7,Apr 15,LAD,,CIN,W3-1,CG,4,4,0,2,0,1,0,1,0,0,1,0,0,0,0,0,1,0,.300,.313,.367,.679,3,.72,0.072,.75,0.05%,0.55,18.00,21.50,SS
8,697,8,Apr 16,LAD,,CIN,W5-2,CG,4,4,1,3,0,0,1,2,0,0,1,0,0,0,0,0,0,0,.353,.361,.500,.861,1,1.02,0.238,1.06,0.15%,2.43,22.00,28.20,SS
9,698,9,Apr 17,LAD,,CIN,W9-1,CG,5,4,1,0,0,0,0,0,1,0,1,0,0,0,0,0,0,0,.316,.341,.447,.789,3,.46,0.049,.47,0.03%,-0.99,4.00,6.20,SS
10,699,10,Apr 18,LAD,,ATL,W7-4,CG,4,4,0,1,1,0,0,3,0,0,2,0,0,0,0,0,1,0,.310,.333,.452,.786,3,1.10,0.051,1.22,0.03%,1.96,16.00,22.50,SS
11,700,11,Apr 19,LAD,,ATL,L1-3,CG,3,3,0,1,0,0,0,0,0,0,1,0,0,0,0,0,0,0,.311,.333,.444,.778,3,.43,-0.009,.49,-0.01%,-0.09,3.00,3.00,SS
12,701,12,Apr 20,LAD,,ATL,W5-1,CG,4,3,0,0,0,0,0,0,1,0,2,0,0,0,0,0,0,0,.292,.327,.417,.744,3,.45,-0.005,.50,0.00%,-0.66,2.00,3.00,SS
13,702,13,Apr 22,LAD,@,SDP,W6-1,CG,5,5,1,1,0,0,0,0,0,0,2,0,0,0,0,0,0,0,.283,.316,.396,.712,3,1.24,-0.046,1.53,-0.03%,-0.30,5.00,6.20,SS
14,703,14,Apr 23,LAD,@,SDP,L2-3,CG(10),4,4,0,1,1,0,0,2,0,0,1,0,0,0,0,0,0,0,.281,.311,.404,.715,3,1.36,0.279,1.74,0.21%,1.26,9.00,13.00,SS
15,704,15,Apr 24,LAD,@,SDP,W10-2,GS-7,4,4,1,1,0,0,0,1,0,0,0,0,0,0,0,0,0,0,.279,.308,.393,.701,3,.69,-0.018,.86,-0.01%,0.53,7.00,9.70,SS
16,705,16,Apr 25,LAD,@,ARI,W4-0,CG,4,4,0,1,1,0,0,2,0,0,0,0,0,0,0,0,0,0,.277,.304,.400,.704,3,.96,0.022,1.17,0.02%,-0.02,9.00,13.00,SS
17,706,17,Apr 26,LAD,@,ARI,L3-5,CG,4,2,1,1,0,0,0,0,2,0,1,0,0,0,0,0,0,1,.284,.329,.403,.732,3,1.26,0.028,1.53,0.02%,0.57,9.00,12.20,SS
18,707,18,Apr 27,LAD,@,ARI,L1-3,CG,4,4,0,2,1,0,0,1,0,0,1,0,0,0,0,0,0,0,.296,.338,.423,.760,3,1.26,0.227,1.43,0.16%,0.78,10.00,12.50,SS
19,708,19,Apr 29,LAD,,DET,W5-1,CG,4,2,0,0,0,0,0,1,1,0,0,0,0,1,0,0,1,0,.288,.333,.411,.744,3,.43,-0.041,.47,-0.03%,-0.63,9.00,12.50,SS
20,709,20,Apr 30,LAD,,DET,L1-5,CG,4,3,0,0,0,0,0,0,1,0,0,0,0,0,0,0,0,0,.276,.329,.395,.724,3,.91,-0.044,.97,-0.03%,-0.50,2.00,3.00,SS
21,710,21,May 1,LAD,,DET,W6-3,CG,4,4,0,0,0,0,0,1,0,0,1,0,0,0,0,0,0,0,.263,.315,.375,.690,3,.69,-0.023,.75,-0.02%,-0.73,2.00,3.50,SS
22,711,22,May 3,LAD,,SFG,W3-1,CG,4,4,0,1,1,0,0,0,0,0,0,0,0,0,0,0,0,0,.262,.312,.381,.693,3,.38,-0.007,.48,-0.01%,-0.38,5.00,6.00,SS
23,712,23,May 4,LAD,,SFG,W9-1,CG,4,4,0,1,0,0,0,1,0,0,1,0,0,0,0,0,0,0,.261,.309,.375,.684,3,.83,0.138,1.05,0.10%,0.71,5.00,6.50,SS
24,713,24,May 7 (1),LAD,@,CHC,W7-0,GS-8,4,3,1,2,0,0,0,1,1,0,1,0,0,0,0,0,0,0,.275,.327,.385,.711,3,.84,0.029,.96,0.02%,0.98,12.00,15.70,SS
25,714,25,May 7 (2),LAD,@,CHC,W6-2,CG,5,5,0,0,0,0,0,0,0,0,3,0,0,0,0,0,0,0,.260,.311,.365,.676,3,.43,-0.056,.50,-0.04%,-1.05,0.00,0.00,SS
26,715,26,May 8,LAD,@,CHC,W7-1,CG,5,4,1,0,0,0,0,0,1,0,0,0,0,0,0,1,0,0,.250,.306,.350,.656,3,1.02,-0.001,1.18,0.00%,0.24,4.00,6.20,SS
27,716,27,May 9,LAD,@,PIT,L1-5,CG,4,4,0,1,0,0,0,0,0,0,0,0,0,0,0,0,0,0,.250,.304,.346,.651,3,1.73,-0.115,2.02,-0.08%,-0.82,3.00,3.00,SS
28,717,28,May 10,LAD,@,PIT,W11-1,CG,5,4,2,2,1,0,0,1,1,0,0,0,0,0,0,0,1,0,.259,.317,.361,.678,3,.46,0.127,.54,0.09%,1.15,21.00,27.90,SS
29,718,29,May 11,LAD,@,PIT,L3-5,CG,5,4,0,1,1,0,0,0,1,0,0,0,0,0,0,0,0,0,.259,.320,.366,.686,1,1.24,0.057,1.45,0.04%,0.30,7.00,9.00,SS
30,719,30,May 12,LAD,,PHI,L7-9,CG,5,4,2,3,0,0,0,0,1,0,0,0,0,0,0,0,0,0,.276,.338,.379,.718,3,.89,0.179,1.08,0.13%,1.54,15.00,18.40,SS
31,720,31,May 13,LAD,,PHI,L10-12,CG(10),6,5,0,1,0,0,0,1,0,0,1,1,0,0,0,0,0,0,.273,.338,.372,.710,3,2.38,0.028,2.88,0.02%,-0.15,7.00,9.50,SS
32,721,32,May 14,LAD,,PHI,L3-8,CG,4,4,0,1,1,0,0,0,0,0,1,0,0,0,0,0,0,0,.272,.336,.376,.712,3,.38,0.019,.46,0.01%,-0.23,5.00,6.00,SS
33,722,33,May 15,LAD,,PHI,W5-4,CG,4,3,1,1,1,0,0,0,1,0,0,0,0,0,0,1,1,0,.273,.340,.383,.723,3,1.80,-0.216,2.24,-0.16%,-0.54,14.00,18.20,SS
34,723,34,May 16,LAD,,ARI,W5-4,CG,4,3,0,1,0,0,0,0,1,0,1,0,0,0,0,0,0,0,.275,.345,.382,.726,3,1.02,0.064,1.30,0.05%,0.30,5.00,6.00,SS
35,724,35,May 17 (1),LAD,,ARI,W7-6,CG,4,4,1,1,0,0,1,1,0,0,1,0,0,0,0,0,0,0,.274,.342,.400,.742,3,.84,0.117,1.07,0.09%,0.22,14.00,18.70,SS
36,725,36,May 17 (2),LAD,,ARI,W12-3,GS-6,4,4,1,2,0,0,0,4,0,0,1,0,0,0,1,0,0,0,.281,.346,.403,.749,3,.72,0.111,.90,0.08%,1.77,16.00,23.20,SS
37,726,37,May 18,LAD,,ARI,W5-3,CG,4,4,0,1,0,0,0,0,0,0,0,0,0,0,0,0,1,0,.280,.344,.399,.742,3,.68,-0.050,.84,-0.04%,-0.36,8.00,9.00,SS
38,727,38,May 20,LAD,@,PHI,W4-1,CG,5,2,0,1,1,0,0,1,2,0,1,0,0,1,0,0,1,0,.283,.352,.407,.758,3,.46,0.060,.55,0.04%,0.77,16.00,21.50,SS
39,728,39,May 21,LAD,@,PHI,W7-4,CG,5,5,0,1,0,0,0,0,0,0,2,0,0,0,0,0,0,0,.280,.347,.400,.747,3,1.18,-0.040,1.41,-0.03%,-0.63,3.00,3.00,SS
40,729,40,May 22,LAD,@,PHI,L3-4,CG(10),5,5,0,3,1,0,0,1,0,0,2,0,0,0,0,0,0,0,.290,.354,.413,.767,3,1.26,0.362,1.47,0.25%,1.86,13.00,15.50,SS
41,730,41,May 23,LAD,@,WSN,W10-1,GS-6,4,4,0,1,0,0,0,3,0,0,0,0,0,0,0,0,0,0,.289,.352,.409,.761,3,.56,-0.010,.61,-0.01%,0.48,9.00,13.50,SS
42,731,42,May 24,LAD,@,WSN,W9-4,CG,5,4,1,1,0,0,1,2,1,0,0,0,0,0,0,0,0,0,.288,.353,.423,.777,3,.39,0.159,.44,0.11%,1.35,18.00,25.20,SS
43,732,43,May 25,LAD,@,WSN,L0-1,CG,4,3,0,1,0,0,0,0,1,0,1,0,0,0,0,1,2,0,.289,.356,.422,.778,1,1.42,0.051,1.53,0.03%,0.02,15.00,18.00,SS
44,733,44,May 26,LAD,@,ARI,W14-1,GS-6,4,4,1,2,0,1,0,1,0,0,0,0,0,0,0,0,0,0,.294,.359,.435,.795,3,.34,-0.006,.42,0.00%,0.92,15.00,18.70,SS
45,734,45,May 27,LAD,@,ARI,W6-4,CG,4,4,1,2,0,0,1,2,0,0,1,0,0,0,0,0,0,0,.299,.362,.454,.816,3,.60,0.032,.69,0.02%,1.19,19.00,25.20,SS
46,735,46,May 28,LAD,@,ARI,W3-2,CG,4,4,0,1,0,0,0,1,0,0,1,0,0,0,0,0,0,1,.298,.360,.449,.809,3,1.32,0.075,1.50,0.05%,0.32,5.00,6.50,SS
47,736,47,May 29,LAD,@,ARI,W3-1,CG,4,4,0,1,0,0,0,1,0,0,1,0,0,0,0,0,0,0,.297,.358,.445,.803,3,.63,-0.001,.68,0.00%,-0.48,5.00,6.50,SS
48,737,48,May 30,LAD,,PIT,L5-6,CG,5,5,1,1,1,0,0,0,0,0,0,0,0,0,0,0,0,0,.294,.354,.444,.798,3,2.61,-0.080,2.72,-0.05%,-0.72,7.00,9.20,SS
49,738,49,May 31,LAD,,PIT,L3-5,CG,4,4,1,2,0,0,1,2,0,0,0,0,0,0,0,0,0,0,.298,.357,.461,.818,3,1.23,0.064,1.24,0.04%,1.34,19.00,25.20,SS
50,739,50,Jun 1,LAD,,PIT,L4-8,CG,4,4,1,1,1,0,0,0,0,0,1,0,0,0,0,0,0,0,.297,.355,.462,.816,3,1.77,-0.342,1.93,-0.22%,-1.71,7.00,9.20,SS
51,740,51,Jun 2,LAD,,NYM,W2-0,CG,4,4,1,1,1,0,0,0,0,0,2,0,0,0,0,0,0,0,.296,.353,.462,.815,3,1.09,-0.034,1.36,-0.03%,-0.51,7.00,9.20,SS
52,741,52,Jun 3,LAD,,NYM,W6-1,CG,4,4,0,2,0,0,0,1,0,0,0,0,0,0,0,0,0,0,.300,.356,.463,.819,3,.45,0.016,.53,0.01%,0.53,8.00,9.50,SS
53,742,53,Jun 4,LAD,,NYM,L4-9,CG,4,4,0,0,0,0,0,0,0,0,3,0,0,0,0,0,0,0,.295,.349,.454,.803,3,.90,-0.105,1.02,-0.07%,-1.03,0.00,0.00,SS
54,743,54,Jun 5,LAD,,NYM,L4-5,CG(10),5,4,1,2,0,0,1,2,0,0,2,0,0,0,0,0,1,0,.299,.352,.469,.821,3,2.86,0.178,3.43,0.13%,1.34,24.00,31.20,SS
55,744,55,Jun 7,LAD,@,CHW,L0-4,CG,4,3,0,1,0,0,0,0,1,0,0,0,0,0,0,0,1,0,.299,.354,.467,.822,3,.56,0.017,.62,0.01%,0.74,10.00,12.00,SS
56,745,56,Jun 8,LAD,@,CHW,W4-1,CG,4,4,2,2,0,0,1,1,0,0,0,0,0,0,0,0,0,0,.303,.357,.482,.838,3,.41,0.030,.47,0.02%,0.77,19.00,24.90,SS
57,746,57,Jun 9,LAD,@,CHW,W11-9,CG,5,4,2,1,0,0,0,1,1,1,0,0,0,0,0,0,1,0,.302,.358,.477,.835,3,1.39,0.069,1.57,0.05%,0.49,16.00,21.90,SS
58,747,58,Jun 10,LAD,@,SFG,L2-7,CG,4,4,0,1,0,0,0,0,0,0,1,0,0,0,0,0,0,0,.301,.356,.473,.829,3,.74,-0.010,.91,-0.01%,-0.11,3.00,3.00,SS
59,748,59,Jun 11,LAD,@,SFG,L2-3,CG,5,5,0,1,0,0,0,0,0,0,0,0,0,0,0,1,0,0,.299,.353,.468,.820,3,2.23,-0.219,2.80,-0.17%,-2.13,3.00,3.00,SS
60,749,60,Jun 12,LAD,@,SFG,L0-2,CG,4,4,0,1,0,0,0,0,0,0,1,0,0,0,0,0,0,0,.298,.351,.464,.815,3,1.00,-0.028,1.37,-0.02%,-0.36,3.00,3.00,SS
61,750,61,Jun 14,LAD,,LAA,W2-0,CG,4,4,0,1,0,0,0,0,0,0,0,0,0,0,0,0,0,0,.297,.350,.460,.810,3,.75,0.002,.88,0.00%,-0.26,3.00,3.00,SS
62,751,62,Jun 15,LAD,,LAA,W4-1,CG,4,3,2,1,0,0,1,1,1,0,0,0,0,0,0,0,0,0,.298,.352,.471,.823,3,.49,0.067,.56,0.05%,0.84,18.00,24.90,SS
63,752,63,Jun 17,LAD,,CLE,L1-2,CG(10),5,5,0,3,1,0,0,0,0,0,0,0,0,0,0,0,0,0,.304,.357,.478,.834,1,2.01,-0.057,2.28,-0.04%,0.33,11.00,12.00,SS
64,753,64,Jun 18,LAD,,CLE,W7-1,GS-8,5,5,1,1,0,0,1,2,0,0,3,0,0,0,0,0,0,0,.302,.354,.484,.838,1,.59,0.142,.70,0.10%,0.41,16.00,22.20,SS
65,754,65,Jun 19,LAD,,CLE,L3-5,CG,4,4,0,1,0,0,0,0,0,0,3,0,0,0,0,0,1,0,.301,.352,.480,.833,1,1.35,0.108,1.59,0.08%,-0.09,8.00,9.00,SS
66,755,66,Jun 21,LAD,@,CIN,W8-2,CG,5,5,2,4,0,0,0,0,0,0,0,0,0,0,0,0,0,0,.310,.360,.487,.847,1,.97,0.106,1.17,0.08%,1.47,16.00,18.40,SS
67,756,67,Jun 22,LAD,@,CIN,W8-4,CG,5,3,1,0,0,0,0,1,1,0,1,0,0,1,0,0,0,0,.307,.357,.481,.838,1,.86,-0.032,1.00,-0.02%,-0.20,6.00,9.70,SS
68,757,68,Jun 23,LAD,@,CIN,W10-5,CG,5,5,1,3,1,0,0,1,0,0,1,0,0,0,0,0,0,0,.312,.361,.487,.848,1,.65,0.023,.74,0.02%,0.63,15.00,18.70,SS
69,758,69,Jun 24,LAD,@,ATL,W4-1,CG,5,5,2,3,0,0,1,1,0,0,1,0,0,0,0,0,0,0,.318,.365,.500,.865,1,.64,0.129,.74,0.09%,1.23,22.00,27.90,SS
70,759,70,Jun 25,LAD,@,ATL,L3-5,CG,5,4,0,2,1,0,0,0,1,0,1,0,0,0,0,1,0,0,.320,.369,.504,.873,1,1.29,0.060,1.45,0.04%,0.49,10.00,12.00,SS
71,760,71,Jun 26,LAD,@,ATL,W5-3,CG(11),6,6,1,1,0,0,0,1,0,0,3,0,0,0,0,0,1,0,.317,.365,.496,.862,1,1.74,-0.073,2.05,-0.05%,-0.49,12.00,15.70,SS
72,761,72,Jun 27,LAD,@,COL,L0-4,CG,4,4,0,0,0,0,0,0,0,0,0,0,0,0,0,0,0,0,.313,.361,.490,.850,1,.77,-0.082,.85,-0.05%,-1.18,0.00,0.00,SS
73,762,73,Jun 28,LAD,@,COL,L4-7,CG,5,5,1,1,0,0,1,1,0,0,1,0,0,0,0,0,0,0,.311,.358,.495,.853,1,.62,-0.082,.69,-0.06%,-0.07,14.00,18.70,SS
74,763,74,Jun 29,LAD,@,COL,W8-4,CG,5,5,0,1,1,0,0,2,0,0,0,0,0,0,0,1,0,0,.309,.356,.493,.849,1,.60,0.074,.74,0.05%,-0.35,9.00,13.00,SS
75,764,75,Jun 30,LAD,,SDP,W3-1,CG,4,4,0,0,0,0,0,0,0,0,2,0,0,0,0,0,0,0,.305,.352,.487,.838,1,.64,-0.065,.96,-0.06%,-0.68,0.00,0.00,SS
76,765,76,Jul 1,LAD,,SDP,W5-1,CG,5,5,1,2,0,0,0,0,0,0,3,0,0,0,0,0,1,0,.306,.352,.485,.838,1,.88,-0.053,1.29,-0.05%,-0.31,13.00,15.20,SS
77,766,77,Jul 2,LAD,,SDP,W7-2,CG,4,3,1,1,0,0,0,1,1,0,1,0,0,0,0,0,0,0,.306,.354,.484,.838,1,.44,0.034,.63,0.03%,0.89,9.00,12.70,SS
78,767,78,Jul 3,LAD,,SDP,L2-4,CG,5,4,0,3,1,0,0,1,0,0,0,1,0,0,0,0,0,0,.312,.360,.490,.851,2,.94,0.169,1.25,0.14%,1.69,15.00,18.50,SS
79,768,79,Jul 4,LAD,,COL,W5-3,CG,4,4,0,1,1,0,0,1,0,0,2,0,0,0,0,0,0,0,.311,.359,.491,.850,2,.50,-0.012,.54,-0.01%,0.53,7.00,9.50,SS
80,769,80,Jul 5,LAD,,COL,W5-2,CG,4,4,0,0,0,0,0,0,0,0,2,0,0,0,0,0,0,0,.307,.355,.484,.840,2,.53,-0.072,.54,-0.04%,-1.28,0.00,0.00,SS
81,770,81,Jul 6,LAD,,COL,W2-1,CG,4,2,0,0,0,0,0,0,2,0,0,0,0,0,0,0,0,0,.306,.357,.481,.838,2,1.18,0.030,1.09,0.02%,0.25,4.00,6.00,SS
82,771,82,Jul 7,LAD,,CHC,W5-3,CG,4,4,0,1,1,0,0,0,0,0,0,0,0,0,0,0,0,0,.305,.356,.482,.837,2,.52,0.003,.44,0.00%,-0.39,5.00,6.00,SS
83,772,83,Jul 8,LAD,,CHC,W4-3,CG(10),5,5,1,0,0,0,0,0,0,0,2,0,0,0,0,0,0,0,.300,.351,.474,.825,2,1.84,-0.252,1.49,-0.12%,-1.34,2.00,3.20,SS
84,773,84,Jul 9,LAD,,CHC,W4-2,CG,4,4,1,1,1,0,0,0,0,0,0,0,0,0,0,0,0,0,.300,.350,.475,.824,2,1.66,-0.088,1.29,-0.04%,-0.79,7.00,9.20,SS
85,774,85,Jul 10,LAD,,CHC,W11-9,CG,5,5,1,2,0,0,0,2,0,0,0,0,0,0,0,0,1,0,.301,.350,.474,.824,2,1.08,0.187,.74,0.08%,1.49,17.00,22.20,SS
86,775,86,Jul 12,LAD,@,STL,L6-7,GS-8,5,4,3,2,0,0,1,2,0,0,0,0,0,0,0,1,0,0,.303,.352,.483,.835,2,1.03,0.060,.74,0.03%,1.40,23.00,31.60,SS
87,776,87,Jul 13,LAD,@,STL,W7-6,CG,5,5,0,2,0,0,0,2,0,0,2,0,0,0,0,0,0,0,.305,.352,.481,.834,2,.91,0.134,.72,0.07%,1.52,10.00,13.00,SS
88,777,88,Jul 14,LAD,@,STL,W4-0,CG,4,4,1,1,0,0,0,0,0,0,0,0,0,0,0,0,0,0,.304,.351,.479,.830,2,.66,-0.023,.42,-0.01%,-0.43,5.00,6.20,SS
89,778,89,Jul 15,LAD,@,LAA,W9-1,CG,5,4,2,1,0,0,0,0,1,0,0,0,0,0,0,0,0,0,.304,.352,.476,.828,2,.79,0.021,.40,0.01%,0.38,9.00,12.40,SS
90,779,90,Jul 16,LAD,@,LAA,W7-1,GS-8,4,4,2,2,0,0,2,3,0,0,1,0,0,0,0,0,0,0,.306,.354,.493,.847,2,.50,0.256,.25,0.08%,2.24,30.00,40.90,SS
91,780,91,Jul 21,LAD,,SFG,W9-6,CG,5,5,1,2,1,0,0,0,0,0,2,0,0,0,0,0,0,0,.307,.354,.495,.849,2,.51,0.047,.26,0.01%,0.00,10.00,12.20,SS
92,781,92,Jul 22,LAD,,SFG,W5-1,CG,4,4,0,1,0,0,0,0,0,0,1,0,0,0,0,1,0,0,.306,.353,.492,.845,2,1.27,-0.145,.58,-0.04%,-1.52,3.00,3.00,SS
93,782,93,Jul 23,LAD,,SFG,W4-2,CG,4,4,1,1,0,0,1,1,0,0,0,0,0,0,0,0,0,0,.306,.352,.497,.849,2,.70,0.047,.29,0.01%,0.09,14.00,18.70,SS
94,783,94,Jul 24,LAD,,SFG,W7-4,CG,5,5,0,1,0,0,0,0,0,0,1,0,0,0,0,0,0,0,.304,.350,.493,.844,2,1.00,-0.042,.36,-0.01%,-0.60,3.00,3.00,SS
95,784,95,Jul 25,LAD,,WSN,L1-4,CG,4,4,0,2,1,0,0,0,0,0,0,0,0,0,0,0,0,0,.306,.352,.496,.848,2,1.50,0.003,.40,0.00%,0.07,8.00,9.00,SS
96,785,96,Jul 26,LAD,,WSN,L3-8,CG,4,4,0,2,1,0,0,0,0,0,1,0,0,0,0,0,0,0,.308,.353,.499,.852,2,1.02,0.067,.28,0.01%,0.45,8.00,9.00,SS
97,786,97,Jul 27,LAD,,WSN,W7-1,GS-7,4,4,0,1,1,0,0,0,0,0,0,0,0,0,0,1,0,0,.308,.352,.499,.851,2,.43,-0.025,.16,-0.01%,-1.02,5.00,6.00,SS
98,787,98,Jul 28,LAD,@,COL,W13-0,GS-5,4,4,3,3,1,0,0,3,0,0,0,0,0,0,0,0,1,0,.312,.356,.504,.860,2,.86,0.248,.30,0.05%,3.73,28.00,38.10,SS
99,788,99,Jul 29,LAD,@,COL,W5-4,CG,5,5,1,1,0,0,0,0,0,0,0,0,0,0,0,0,0,0,.311,.354,.500,.854,2,.64,-0.058,.18,-0.01%,-1.34,5.00,6.20,SS
100,789,100,Jul 30,LAD,@,COL,L3-5,CG,4,4,1,1,0,0,1,1,0,0,1,0,0,0,0,0,0,0,.310,.353,.505,.858,2,.90,0.033,.23,0.01%,0.38,14.00,18.70,SS
101,790,101,Jul 31,LAD,@,COL,W7-3,CG,5,5,0,1,0,0,0,0,0,0,0,0,0,0,0,0,0,0,.309,.351,.501,.853,2,.56,-0.034,.16,-0.01%,-0.86,3.00,3.00,SS
102,791,102,Aug 1,LAD,@,SFG,W8-2,CG,5,3,1,1,0,0,1,2,1,0,0,0,0,1,0,0,0,0,.309,.352,.507,.859,2,.49,-0.013,.13,0.00%,0.53,18.00,25.20,SS
103,792,103,Aug 2,LAD,@,SFG,W9-5,CG,5,4,0,1,0,0,0,1,0,0,1,0,0,1,0,0,0,0,.309,.350,.505,.855,2,.62,-0.024,.14,0.00%,-0.20,5.00,6.50,SS
104,793,104,Aug 3,LAD,@,SFG,W3-0,CG,4,4,0,0,0,0,0,0,0,0,3,0,0,0,0,0,0,0,.306,.347,.500,.847,2,.52,-0.053,.10,-0.01%,-0.71,0.00,0.00,SS
105,794,105,Aug 4,LAD,@,SFG,W5-3,CG,4,4,1,1,0,0,1,1,0,0,0,0,0,0,0,0,0,0,.305,.346,.505,.851,2,.54,0.041,.10,0.01%,0.58,14.00,18.70,SS
106,795,106,Aug 5,LAD,,SDP,W8-1,CG,5,5,1,2,0,0,0,0,0,0,1,0,0,0,0,0,0,0,.306,.347,.503,.850,2,.28,0.058,.06,0.01%,0.33,8.00,9.20,SS
107,796,107,Aug 6,LAD,,SDP,W8-3,CG,4,4,1,1,0,0,0,0,0,0,0,0,0,0,0,0,0,0,.306,.346,.501,.847,2,1.13,0.010,.20,0.00%,0.96,5.00,6.20,SS
108,797,108,Aug 7,LAD,,SDP,W4-0,CG,4,4,1,1,0,0,0,0,0,0,0,0,0,0,0,0,1,0,.305,.345,.499,.844,2,.72,-0.054,.09,0.00%,-0.56,10.00,12.20,SS
109,798,109,Aug 9,LAD,,MIN,W10-3,CG,5,5,1,2,2,0,0,3,0,0,1,0,0,0,0,0,0,0,.306,.346,.502,.848,2,.42,0.070,.03,0.00%,1.66,18.00,25.70,SS
110,799,110,Aug 10,LAD,,MIN,W8-5,CG,4,4,2,2,1,0,0,1,0,0,1,0,0,0,0,0,1,0,.308,.347,.504,.852,2,1.05,0.116,.05,0.00%,0.95,19.00,24.90,SS
111,800,111,Aug 12,LAD,@,KCR,W8-3,CG,5,5,1,2,0,0,0,2,0,0,0,0,0,0,0,0,0,0,.309,.348,.503,.851,2,1.19,0.062,.06,0.00%,0.74,12.00,16.20,SS
112,801,112,Aug 13,LAD,@,KCR,W13-3,GS-4,3,3,1,1,0,0,0,0,0,0,2,0,0,0,0,0,0,0,.309,.348,.502,.850,2,.52,0.013,.03,0.00%,-0.41,5.00,6.20,SS
113,802,113,Aug 14,LAD,@,KCR,L0-4,CG,4,4,0,0,0,0,0,0,0,0,1,0,0,0,0,0,0,0,.307,.345,.498,.843,2,1.01,-0.105,.06,0.00%,-0.98,0.00,0.00,SS
114,803,114,Aug 15,LAD,@,MIL,W4-0,CG,5,5,0,1,0,0,0,0,0,0,0,0,0,0,0,0,0,0,.305,.343,.495,.838,2,.55,0.028,.03,0.00%,0.02,3.00,3.00,SS
115,804,115,Aug 16,LAD,@,MIL,L4-5,CG(11),5,5,0,2,0,0,0,0,0,0,1,0,0,0,0,0,0,0,.306,.344,.494,.837,2,1.17,0.020,.04,0.00%,0.05,6.00,6.00,SS
116,805,116,Aug 17,LAD,@,MIL,W2-1,CG,4,3,0,0,0,0,0,0,1,0,1,0,0,0,0,0,0,0,.304,.343,.490,.834,2,.84,-0.019,.03,0.00%,-0.14,2.00,3.00,SS
117,806,117,Aug 18,LAD,@,MIL,L3-5,CG,4,4,1,2,1,0,0,0,0,0,1,0,0,0,0,0,0,0,.306,.344,.493,.837,1,.66,-0.004,.03,0.00%,0.36,10.00,12.20,SS
118,807,118,Aug 19,LAD,,MIA,W2-1,CG,4,3,0,0,0,0,0,0,1,0,1,0,0,0,0,0,0,0,.304,.344,.490,.833,2,1.52,-0.140,.05,0.00%,-1.16,2.00,3.00,SS
119,808,119,Aug 20,LAD,,MIA,W7-0,CG,5,5,2,2,0,0,0,0,0,0,0,0,0,0,0,0,0,0,.305,.344,.489,.833,2,.29,0.047,.01,0.00%,-0.13,10.00,12.40,SS
120,809,120,Aug 21,LAD,,MIA,W10-3,CG,5,3,2,1,0,0,0,0,2,0,0,0,0,0,0,0,0,0,.305,.347,.488,.834,2,.48,-0.018,.02,0.00%,0.27,11.00,15.40,SS
121,810,121,Aug 22,LAD,,MIL,L0-4,CG,4,4,0,1,0,0,0,0,0,0,1,0,0,0,0,0,0,0,.305,.346,.486,.832,2,1.08,-0.084,.03,0.00%,-0.48,3.00,3.00,SS
122,811,122,Aug 23,LAD,,MIL,W10-1,CG,5,5,1,3,1,0,0,2,0,0,0,0,0,0,0,0,0,0,.308,.348,.489,.837,2,.37,0.002,.01,0.00%,2.26,17.00,22.20,SS
123,812,123,Aug 24,LAD,,MIL,W12-6,CG,5,2,3,2,1,0,0,0,3,0,0,0,0,0,0,0,0,0,.311,.354,.493,.847,2,.47,0.090,.01,0.00%,2.29,20.00,27.60,SS
124,813,124,Aug 26,LAD,@,MIA,W10-6,CG(10),6,6,1,2,0,0,0,1,0,0,1,0,0,0,0,0,0,0,.311,.354,.491,.845,2,1.75,0.020,.05,0.00%,0.26,10.00,12.70,SS
125,814,125,Aug 27,LAD,@,MIA,L1-2,CG,4,4,0,2,0,0,0,0,0,0,1,0,0,0,0,0,0,0,.312,.355,.491,.846,2,1.27,-0.028,.03,0.00%,0.13,6.00,6.00,SS